,Date,Close
0,2017-11-01,6767.31005859375
1,2017-11-02,7078.5
2,2017-11-03,7207.759765625
3,2017-11-04,7379.9501953125
4,2017-11-05,7407.41015625
5,2017-11-06,7022.759765625
6,2017-11-07,7144.3798828125
7,2017-11-08,7459.68994140625
8,2017-11-09,7143.580078125
9,2017-11-10,6618.14013671875
10,2017-11-11,6357.60009765625
11,2017-11-12,5950.06982421875
12,2017-11-13,6559.490234375
13,2017-11-14,6635.75
14,2017-11-15,7315.5400390625
15,2017-11-16,7871.68994140625
16,2017-11-17,7708.990234375
17,2017-11-18,7790.14990234375
18,2017-11-19,8036.490234375
19,2017-11-20,8200.6396484375
20,2017-11-21,8071.259765625
21,2017-11-22,8253.5498046875
22,2017-11-23,8038.77001953125
23,2017-11-24,8253.6904296875
24,2017-11-25,8790.919921875
25,2017-11-26,9330.5498046875
26,2017-11-27,9818.349609375
27,2017-11-28,10058.7998046875
28,2017-11-29,9888.6103515625
29,2017-11-30,10233.599609375
30,2017-12-01,10975.599609375
31,2017-12-02,11074.599609375
32,2017-12-03,11323.2001953125
33,2017-12-04,11657.2001953125
34,2017-12-05,11916.7001953125
35,2017-12-06,14291.5
36,2017-12-07,17899.69921875
37,2017-12-08,16569.400390625
38,2017-12-09,15178.2001953125
39,2017-12-10,15455.400390625
40,2017-12-11,16936.80078125
41,2017-12-12,17415.400390625
42,2017-12-13,16408.19921875
43,2017-12-14,16564.0
44,2017-12-15,17706.900390625
45,2017-12-16,19497.400390625
46,2017-12-17,19140.80078125
47,2017-12-18,19114.19921875
48,2017-12-19,17776.69921875
49,2017-12-20,16624.599609375
50,2017-12-21,15802.900390625
51,2017-12-22,13831.7998046875
52,2017-12-23,14699.2001953125
53,2017-12-24,13925.7998046875
54,2017-12-25,14026.599609375
55,2017-12-26,16099.7998046875
56,2017-12-27,15838.5
57,2017-12-28,14606.5
58,2017-12-29,14656.2001953125
59,2017-12-30,12952.2001953125
60,2017-12-31,14156.400390625
61,2018-01-01,13657.2001953125
62,2018-01-02,14982.099609375
63,2018-01-03,15201.0
64,2018-01-04,15599.2001953125
65,2018-01-05,17429.5
66,2018-01-06,17527.0
67,2018-01-07,16477.599609375
68,2018-01-08,15170.099609375
69,2018-01-09,14595.400390625
70,2018-01-10,14973.2998046875
71,2018-01-11,13405.7998046875
72,2018-01-12,13980.599609375
73,2018-01-13,14360.2001953125
74,2018-01-14,13772.0
75,2018-01-15,13819.7998046875
76,2018-01-16,11490.5
77,2018-01-17,11188.599609375
78,2018-01-18,11474.900390625
79,2018-01-19,11607.400390625
80,2018-01-20,12899.2001953125
81,2018-01-21,11600.099609375
82,2018-01-22,10931.400390625
83,2018-01-23,10868.400390625
84,2018-01-24,11359.400390625
85,2018-01-25,11259.400390625
86,2018-01-26,11171.400390625
87,2018-01-27,11440.7001953125
88,2018-01-28,11786.2998046875
89,2018-01-29,11296.400390625
90,2018-01-30,10106.2998046875
91,2018-01-31,10221.099609375
92,2018-02-01,9170.5400390625
93,2018-02-02,8830.75
94,2018-02-03,9174.91015625
95,2018-02-04,8277.009765625
96,2018-02-05,6955.27001953125
97,2018-02-06,7754.0
98,2018-02-07,7621.2998046875
99,2018-02-08,8265.58984375
100,2018-02-09,8736.98046875
101,2018-02-10,8621.900390625
102,2018-02-11,8129.97021484375
103,2018-02-12,8926.5703125
104,2018-02-13,8598.3095703125
105,2018-02-14,9494.6298828125
106,2018-02-15,10166.400390625
107,2018-02-16,10233.900390625
108,2018-02-17,11112.7001953125
109,2018-02-18,10551.7998046875
110,2018-02-19,11225.2998046875
111,2018-02-20,11403.7001953125
112,2018-02-21,10690.400390625
113,2018-02-22,10005.0
114,2018-02-23,10301.099609375
115,2018-02-24,9813.0703125
116,2018-02-25,9664.73046875
117,2018-02-26,10366.7001953125
118,2018-02-27,10725.599609375
119,2018-02-28,10397.900390625
120,2018-03-01,10951.0
121,2018-03-02,11086.400390625
122,2018-03-03,11489.7001953125
123,2018-03-04,11512.599609375
124,2018-03-05,11573.2998046875
125,2018-03-06,10779.900390625
126,2018-03-07,9965.5703125
127,2018-03-08,9395.009765625
128,2018-03-09,9337.5498046875
129,2018-03-10,8866.0
130,2018-03-11,9578.6298828125
131,2018-03-12,9205.1201171875
132,2018-03-13,9194.849609375
133,2018-03-14,8269.8095703125
134,2018-03-15,8300.8603515625
135,2018-03-16,8338.349609375
136,2018-03-17,7916.8798828125
137,2018-03-18,8223.6796875
138,2018-03-19,8630.650390625
139,2018-03-20,8913.4697265625
140,2018-03-21,8929.2802734375
141,2018-03-22,8728.4697265625
142,2018-03-23,8879.6201171875
143,2018-03-24,8668.1201171875
144,2018-03-25,8495.7802734375
145,2018-03-26,8209.400390625
146,2018-03-27,7833.0400390625
147,2018-03-28,7954.47998046875
148,2018-03-29,7165.7001953125
149,2018-03-30,6890.52001953125
150,2018-03-31,6973.52978515625
151,2018-04-01,6844.22998046875
152,2018-04-02,7083.7998046875
153,2018-04-03,7456.10986328125
154,2018-04-04,6853.83984375
155,2018-04-05,6811.47021484375
156,2018-04-06,6636.31982421875
157,2018-04-07,6911.08984375
158,2018-04-08,7023.52001953125
159,2018-04-09,6770.72998046875
160,2018-04-10,6834.759765625
161,2018-04-11,6968.31982421875
162,2018-04-12,7889.25
163,2018-04-13,7895.9599609375
164,2018-04-14,7986.240234375
165,2018-04-15,8329.1103515625
166,2018-04-16,8058.669921875
167,2018-04-17,7902.08984375
168,2018-04-18,8163.419921875
169,2018-04-19,8294.3095703125
170,2018-04-20,8845.830078125
171,2018-04-21,8895.580078125
172,2018-04-22,8802.4599609375
173,2018-04-23,8930.8798828125
174,2018-04-24,9697.5
175,2018-04-25,8845.740234375
176,2018-04-26,9281.509765625
177,2018-04-27,8987.0498046875
178,2018-04-28,9348.48046875
179,2018-04-29,9419.080078125
180,2018-04-30,9240.5498046875
181,2018-05-01,9119.009765625
182,2018-05-02,9235.919921875
183,2018-05-03,9743.8603515625
184,2018-05-04,9700.759765625
185,2018-05-05,9858.150390625
186,2018-05-06,9654.7998046875
187,2018-05-07,9373.009765625
188,2018-05-08,9234.8203125
189,2018-05-09,9325.1796875
190,2018-05-10,9043.9404296875
191,2018-05-11,8441.490234375
192,2018-05-12,8504.8896484375
193,2018-05-13,8723.9404296875
194,2018-05-14,8716.7900390625
195,2018-05-15,8510.3798828125
196,2018-05-16,8368.830078125
197,2018-05-17,8094.31982421875
198,2018-05-18,8250.9697265625
199,2018-05-19,8247.1796875
200,2018-05-20,8513.25
201,2018-05-21,8418.990234375
202,2018-05-22,8041.77978515625
203,2018-05-23,7557.81982421875
204,2018-05-24,7587.33984375
205,2018-05-25,7480.14013671875
206,2018-05-26,7355.8798828125
207,2018-05-27,7368.22021484375
208,2018-05-28,7135.990234375
209,2018-05-29,7472.58984375
210,2018-05-30,7406.52001953125
211,2018-05-31,7494.169921875
212,2018-06-01,7541.4501953125
213,2018-06-02,7643.4501953125
214,2018-06-03,7720.25
215,2018-06-04,7514.47021484375
216,2018-06-05,7633.759765625
217,2018-06-06,7653.97998046875
218,2018-06-07,7678.240234375
219,2018-06-08,7624.919921875
220,2018-06-09,7531.97998046875
221,2018-06-10,6786.02001953125
222,2018-06-11,6906.919921875
223,2018-06-12,6582.35986328125
224,2018-06-13,6349.89990234375
225,2018-06-14,6675.35009765625
226,2018-06-15,6456.580078125
227,2018-06-16,6550.16015625
228,2018-06-17,6499.27001953125
229,2018-06-18,6734.81982421875
230,2018-06-19,6769.93994140625
231,2018-06-20,6776.5498046875
232,2018-06-21,6729.740234375
233,2018-06-22,6083.68994140625
234,2018-06-23,6162.47998046875
235,2018-06-24,6173.22998046875
236,2018-06-25,6249.18017578125
237,2018-06-26,6093.669921875
238,2018-06-27,6157.1298828125
239,2018-06-28,5903.43994140625
240,2018-06-29,6218.2998046875
241,2018-06-30,6404.0
242,2018-07-01,6385.81982421875
243,2018-07-02,6614.18017578125
244,2018-07-03,6529.58984375
245,2018-07-04,6597.5498046875
246,2018-07-05,6639.14013671875
247,2018-07-06,6673.5
248,2018-07-07,6856.93017578125
249,2018-07-08,6773.8798828125
250,2018-07-09,6741.75
251,2018-07-10,6329.9501953125
252,2018-07-11,6394.7099609375
253,2018-07-12,6228.81005859375
254,2018-07-13,6238.0498046875
255,2018-07-14,6276.1201171875
256,2018-07-15,6359.64013671875
257,2018-07-16,6741.75
258,2018-07-17,7321.0400390625
259,2018-07-18,7370.77978515625
260,2018-07-19,7466.85986328125
261,2018-07-20,7354.1298828125
262,2018-07-21,7419.2900390625
263,2018-07-22,7418.490234375
264,2018-07-23,7711.10986328125
265,2018-07-24,8424.26953125
266,2018-07-25,8181.39013671875
267,2018-07-26,7951.580078125
268,2018-07-27,8165.009765625
269,2018-07-28,8192.150390625
270,2018-07-29,8218.4599609375
271,2018-07-30,8180.47998046875
272,2018-07-31,7780.43994140625
273,2018-08-01,7624.91015625
274,2018-08-02,7567.14990234375
275,2018-08-03,7434.39013671875
276,2018-08-04,7032.85009765625
277,2018-08-05,7068.47998046875
278,2018-08-06,6951.7998046875
279,2018-08-07,6753.1201171875
280,2018-08-08,6305.7998046875
281,2018-08-09,6568.22998046875
282,2018-08-10,6184.7099609375
283,2018-08-11,6295.72998046875
284,2018-08-12,6322.68994140625
285,2018-08-13,6297.56982421875
286,2018-08-14,6199.7099609375
287,2018-08-15,6308.52001953125
288,2018-08-16,6334.72998046875
289,2018-08-17,6580.6298828125
290,2018-08-18,6423.759765625
291,2018-08-19,6506.06982421875
292,2018-08-20,6308.52978515625
293,2018-08-21,6488.759765625
294,2018-08-22,6376.7099609375
295,2018-08-23,6534.8798828125
296,2018-08-24,6719.9599609375
297,2018-08-25,6763.18994140625
298,2018-08-26,6707.259765625
299,2018-08-27,6884.64013671875
300,2018-08-28,7096.27978515625
301,2018-08-29,7047.16015625
302,2018-08-30,6978.22998046875
303,2018-08-31,7037.580078125
304,2018-09-01,7193.25
305,2018-09-02,7272.72021484375
306,2018-09-03,7260.06005859375
307,2018-09-04,7361.66015625
308,2018-09-05,6792.830078125
309,2018-09-06,6529.169921875
310,2018-09-07,6467.06982421875
311,2018-09-08,6225.97998046875
312,2018-09-09,6300.85986328125
313,2018-09-10,6329.7001953125
314,2018-09-11,6321.2001953125
315,2018-09-12,6351.7998046875
316,2018-09-13,6517.31005859375
317,2018-09-14,6512.7099609375
318,2018-09-15,6543.2001953125
319,2018-09-16,6517.18017578125
320,2018-09-17,6281.2001953125
321,2018-09-18,6371.2998046875
322,2018-09-19,6398.5400390625
323,2018-09-20,6519.669921875
324,2018-09-21,6734.9501953125
325,2018-09-22,6721.97998046875
326,2018-09-23,6710.6298828125
327,2018-09-24,6595.41015625
328,2018-09-25,6446.47021484375
329,2018-09-26,6495.0
330,2018-09-27,6676.75
331,2018-09-28,6644.1298828125
332,2018-09-29,6601.9599609375
333,2018-09-30,6625.56005859375
334,2018-10-01,6589.6201171875
335,2018-10-02,6556.10009765625
336,2018-10-03,6502.58984375
337,2018-10-04,6576.68994140625
338,2018-10-05,6622.47998046875
339,2018-10-06,6588.31005859375
340,2018-10-07,6602.9501953125
341,2018-10-08,6652.22998046875
342,2018-10-09,6642.64013671875
343,2018-10-10,6585.52978515625
344,2018-10-11,6256.240234375
345,2018-10-12,6274.580078125
346,2018-10-13,6285.990234375
347,2018-10-14,6290.93017578125
348,2018-10-15,6596.5400390625
349,2018-10-16,6596.10986328125
350,2018-10-17,6544.43017578125
351,2018-10-18,6476.7099609375
352,2018-10-19,6465.41015625
353,2018-10-20,6489.18994140625
354,2018-10-21,6482.35009765625
355,2018-10-22,6487.16015625
356,2018-10-23,6475.740234375
357,2018-10-24,6495.83984375
358,2018-10-25,6476.2900390625
359,2018-10-26,6474.75
360,2018-10-27,6480.3798828125
361,2018-10-28,6486.39013671875
362,2018-10-29,6332.6298828125
363,2018-10-30,6334.27001953125
364,2018-10-31,6317.60986328125
365,2018-11-01,6377.77978515625
366,2018-11-02,6388.43994140625
367,2018-11-03,6361.259765625
368,2018-11-04,6376.1298828125
369,2018-11-05,6419.66015625
370,2018-11-06,6461.009765625
371,2018-11-07,6530.14013671875
372,2018-11-08,6453.72021484375
373,2018-11-09,6385.6201171875
374,2018-11-10,6409.22021484375
375,2018-11-11,6411.27001953125
376,2018-11-12,6371.27001953125
377,2018-11-13,6359.490234375
378,2018-11-14,5738.35009765625
379,2018-11-15,5648.02978515625
380,2018-11-16,5575.5498046875
381,2018-11-17,5554.330078125
382,2018-11-18,5623.5400390625
383,2018-11-19,4871.490234375
384,2018-11-20,4451.8701171875
385,2018-11-21,4602.169921875
386,2018-11-22,4365.93994140625
387,2018-11-23,4347.10986328125
388,2018-11-24,3880.760009765625
389,2018-11-25,4009.969970703125
390,2018-11-26,3779.1298828125
391,2018-11-27,3820.719970703125
392,2018-11-28,4257.419921875
393,2018-11-29,4278.8466796875
394,2018-11-30,4017.2685546875
395,2018-12-01,4214.671875
396,2018-12-02,4139.8779296875
397,2018-12-03,3894.130859375
398,2018-12-04,3956.893798828125
399,2018-12-05,3753.994873046875
400,2018-12-06,3521.101806640625
401,2018-12-07,3419.937255859375
402,2018-12-08,3476.11474609375
403,2018-12-09,3614.234375
404,2018-12-10,3502.656005859375
405,2018-12-11,3424.588134765625
406,2018-12-12,3486.9501953125
407,2018-12-13,3313.67724609375
408,2018-12-14,3242.48486328125
409,2018-12-15,3236.76171875
410,2018-12-16,3252.839111328125
411,2018-12-17,3545.86474609375
412,2018-12-18,3696.05908203125
413,2018-12-19,3745.95068359375
414,2018-12-20,4134.44140625
415,2018-12-21,3896.543701171875
416,2018-12-22,4014.1826171875
417,2018-12-23,3998.980224609375
418,2018-12-24,4078.59912109375
419,2018-12-25,3815.49072265625
420,2018-12-26,3857.297607421875
421,2018-12-27,3654.83349609375
422,2018-12-28,3923.918701171875
423,2018-12-29,3820.40869140625
424,2018-12-30,3865.95263671875
425,2018-12-31,3742.700439453125
426,2019-01-01,3843.52001953125
427,2019-01-02,3943.409423828125
428,2019-01-03,3836.7412109375
429,2019-01-04,3857.717529296875
430,2019-01-05,3845.194580078125
431,2019-01-06,4076.632568359375
432,2019-01-07,4025.248291015625
433,2019-01-08,4030.847900390625
434,2019-01-09,4035.29638671875
435,2019-01-10,3678.924560546875
436,2019-01-11,3687.365478515625
437,2019-01-12,3661.301025390625
438,2019-01-13,3552.953125
439,2019-01-14,3706.05224609375
440,2019-01-15,3630.67529296875
441,2019-01-16,3655.0068359375
442,2019-01-17,3678.56396484375
443,2019-01-18,3657.83935546875
444,2019-01-19,3728.568359375
445,2019-01-20,3601.013671875
446,2019-01-21,3576.032470703125
447,2019-01-22,3604.5771484375
448,2019-01-23,3585.123046875
449,2019-01-24,3600.865478515625
450,2019-01-25,3599.765869140625
451,2019-01-26,3602.46044921875
452,2019-01-27,3583.9658203125
453,2019-01-28,3470.450439453125
454,2019-01-29,3448.116943359375
455,2019-01-30,3486.181640625
456,2019-01-31,3457.792724609375
457,2019-02-01,3487.9453125
458,2019-02-02,3521.060791015625
459,2019-02-03,3464.013427734375
460,2019-02-04,3459.154052734375
461,2019-02-05,3466.357421875
462,2019-02-06,3413.767822265625
463,2019-02-07,3399.4716796875
464,2019-02-08,3666.7802734375
465,2019-02-09,3671.20361328125
466,2019-02-10,3690.188232421875
467,2019-02-11,3648.4306640625
468,2019-02-12,3653.528564453125
469,2019-02-13,3632.070556640625
470,2019-02-14,3616.880859375
471,2019-02-15,3620.810791015625
472,2019-02-16,3629.78759765625
473,2019-02-17,3673.836181640625
474,2019-02-18,3915.71435546875
475,2019-02-19,3947.094482421875
476,2019-02-20,3999.820556640625
477,2019-02-21,3954.1181640625
478,2019-02-22,4005.526611328125
479,2019-02-23,4142.52685546875
480,2019-02-24,3810.427490234375
481,2019-02-25,3882.6962890625
482,2019-02-26,3854.35791015625
483,2019-02-27,3851.04736328125
484,2019-02-28,3854.785400390625
485,2019-03-01,3859.583740234375
486,2019-03-02,3864.4150390625
487,2019-03-03,3847.17578125
488,2019-03-04,3761.55712890625
489,2019-03-05,3896.375
490,2019-03-06,3903.942626953125
491,2019-03-07,3911.484375
492,2019-03-08,3901.131591796875
493,2019-03-09,3963.313720703125
494,2019-03-10,3951.599853515625
495,2019-03-11,3905.227294921875
496,2019-03-12,3909.15625
497,2019-03-13,3906.71728515625
498,2019-03-14,3924.369140625
499,2019-03-15,3960.9111328125
500,2019-03-16,4048.725830078125
501,2019-03-17,4025.22900390625
502,2019-03-18,4032.50732421875
503,2019-03-19,4071.190185546875
504,2019-03-20,4087.476318359375
505,2019-03-21,4029.326904296875
506,2019-03-22,4023.96826171875
507,2019-03-23,4035.826416015625
508,2019-03-24,4022.168212890625
509,2019-03-25,3963.070556640625
510,2019-03-26,3985.080810546875
511,2019-03-27,4087.066162109375
512,2019-03-28,4069.107177734375
513,2019-03-29,4098.37451171875
514,2019-03-30,4106.66015625
515,2019-03-31,4105.404296875
516,2019-04-01,4158.18310546875
517,2019-04-02,4879.8779296875
518,2019-04-03,4973.02197265625
519,2019-04-04,4922.798828125
520,2019-04-05,5036.68115234375
521,2019-04-06,5059.8173828125
522,2019-04-07,5198.89697265625
523,2019-04-08,5289.77099609375
524,2019-04-09,5204.95849609375
525,2019-04-10,5324.5517578125
526,2019-04-11,5064.48779296875
527,2019-04-12,5089.5390625
528,2019-04-13,5096.58642578125
529,2019-04-14,5167.72216796875
530,2019-04-15,5067.1083984375
531,2019-04-16,5235.5595703125
532,2019-04-17,5251.93798828125
533,2019-04-18,5298.3857421875
534,2019-04-19,5303.8125
535,2019-04-20,5337.88623046875
536,2019-04-21,5314.53125
537,2019-04-22,5399.365234375
538,2019-04-23,5572.3623046875
539,2019-04-24,5464.86669921875
540,2019-04-25,5210.515625
541,2019-04-26,5279.34814453125
542,2019-04-27,5268.291015625
543,2019-04-28,5285.13916015625
544,2019-04-29,5247.3525390625
545,2019-04-30,5350.7265625
546,2019-05-01,5402.697265625
547,2019-05-02,5505.28369140625
548,2019-05-03,5768.28955078125
549,2019-05-04,5831.16748046875
550,2019-05-05,5795.70849609375
551,2019-05-06,5746.80712890625
552,2019-05-07,5829.50146484375
553,2019-05-08,5982.45751953125
554,2019-05-09,6174.52880859375
555,2019-05-10,6378.84912109375
556,2019-05-11,7204.771484375
557,2019-05-12,6972.37158203125
558,2019-05-13,7814.9150390625
559,2019-05-14,7994.416015625
560,2019-05-15,8205.16796875
561,2019-05-16,7884.9091796875
562,2019-05-17,7343.8955078125
563,2019-05-18,7271.2080078125
564,2019-05-19,8197.689453125
565,2019-05-20,7978.30908203125
566,2019-05-21,7963.32763671875
567,2019-05-22,7680.06640625
568,2019-05-23,7881.8466796875
569,2019-05-24,7987.37158203125
570,2019-05-25,8052.5439453125
571,2019-05-26,8673.2158203125
572,2019-05-27,8805.7783203125
573,2019-05-28,8719.9619140625
574,2019-05-29,8659.4873046875
575,2019-05-30,8319.47265625
576,2019-05-31,8574.501953125
577,2019-06-01,8564.0166015625
578,2019-06-02,8742.9580078125
579,2019-06-03,8208.9951171875
580,2019-06-04,7707.77099609375
581,2019-06-05,7824.2314453125
582,2019-06-06,7822.0234375
583,2019-06-07,8043.951171875
584,2019-06-08,7954.1279296875
585,2019-06-09,7688.0771484375
586,2019-06-10,8000.32958984375
587,2019-06-11,7927.71435546875
588,2019-06-12,8145.857421875
589,2019-06-13,8230.923828125
590,2019-06-14,8693.8330078125
591,2019-06-15,8838.375
592,2019-06-16,8994.48828125
593,2019-06-17,9320.3525390625
594,2019-06-18,9081.7626953125
595,2019-06-19,9273.521484375
596,2019-06-20,9527.16015625
597,2019-06-21,10144.556640625
598,2019-06-22,10701.69140625
599,2019-06-23,10855.37109375
600,2019-06-24,11011.1025390625
601,2019-06-25,11790.9169921875
602,2019-06-26,13016.2314453125
603,2019-06-27,11182.806640625
604,2019-06-28,12407.33203125
605,2019-06-29,11959.37109375
606,2019-06-30,10817.1552734375
607,2019-07-01,10583.134765625
608,2019-07-02,10801.677734375
609,2019-07-03,11961.26953125
610,2019-07-04,11215.4375
611,2019-07-05,10978.4599609375
612,2019-07-06,11208.55078125
613,2019-07-07,11450.8466796875
614,2019-07-08,12285.9580078125
615,2019-07-09,12573.8125
616,2019-07-10,12156.5126953125
617,2019-07-11,11358.662109375
618,2019-07-12,11815.986328125
619,2019-07-13,11392.37890625
620,2019-07-14,10256.05859375
621,2019-07-15,10895.08984375
622,2019-07-16,9477.6416015625
623,2019-07-17,9693.802734375
624,2019-07-18,10666.482421875
625,2019-07-19,10530.732421875
626,2019-07-20,10767.1396484375
627,2019-07-21,10599.10546875
628,2019-07-22,10343.1064453125
629,2019-07-23,9900.767578125
630,2019-07-24,9811.92578125
631,2019-07-25,9911.841796875
632,2019-07-26,9870.3037109375
633,2019-07-27,9477.677734375
634,2019-07-28,9552.8603515625
635,2019-07-29,9519.1455078125
636,2019-07-30,9607.423828125
637,2019-07-31,10085.6279296875
638,2019-08-01,10399.6689453125
639,2019-08-02,10518.1748046875
640,2019-08-03,10821.7265625
641,2019-08-04,10970.1845703125
642,2019-08-05,11805.6533203125
643,2019-08-06,11478.1689453125
644,2019-08-07,11941.96875
645,2019-08-08,11966.4072265625
646,2019-08-09,11862.9365234375
647,2019-08-10,11354.0244140625
648,2019-08-11,11523.5791015625
649,2019-08-12,11382.6162109375
650,2019-08-13,10895.830078125
651,2019-08-14,10051.7041015625
652,2019-08-15,10311.5458984375
653,2019-08-16,10374.3388671875
654,2019-08-17,10231.744140625
655,2019-08-18,10345.810546875
656,2019-08-19,10916.0537109375
657,2019-08-20,10763.232421875
658,2019-08-21,10138.0498046875
659,2019-08-22,10131.0556640625
660,2019-08-23,10407.96484375
661,2019-08-24,10159.9609375
662,2019-08-25,10138.517578125
663,2019-08-26,10370.8203125
664,2019-08-27,10185.5
665,2019-08-28,9754.4228515625
666,2019-08-29,9510.2001953125
667,2019-08-30,9598.173828125
668,2019-08-31,9630.6640625
669,2019-09-01,9757.970703125
670,2019-09-02,10346.7607421875
671,2019-09-03,10623.5400390625
672,2019-09-04,10594.4931640625
673,2019-09-05,10575.533203125
674,2019-09-06,10353.302734375
675,2019-09-07,10517.2548828125
676,2019-09-08,10441.2763671875
677,2019-09-09,10334.974609375
678,2019-09-10,10115.9755859375
679,2019-09-11,10178.3720703125
680,2019-09-12,10410.126953125
681,2019-09-13,10360.546875
682,2019-09-14,10358.048828125
683,2019-09-15,10347.712890625
684,2019-09-16,10276.7939453125
685,2019-09-17,10241.2724609375
686,2019-09-18,10198.248046875
687,2019-09-19,10266.4150390625
688,2019-09-20,10181.6416015625
689,2019-09-21,10019.716796875
690,2019-09-22,10070.392578125
691,2019-09-23,9729.32421875
692,2019-09-24,8620.56640625
693,2019-09-25,8486.9931640625
694,2019-09-26,8118.9677734375
695,2019-09-27,8251.845703125
696,2019-09-28,8245.9150390625
697,2019-09-29,8104.185546875
698,2019-09-30,8293.8681640625
699,2019-10-01,8343.2763671875
700,2019-10-02,8393.0419921875
701,2019-10-03,8259.9921875
702,2019-10-04,8205.939453125
703,2019-10-05,8151.50048828125
704,2019-10-06,7988.15576171875
705,2019-10-07,8245.623046875
706,2019-10-08,8228.783203125
707,2019-10-09,8595.740234375
708,2019-10-10,8586.4736328125
709,2019-10-11,8321.7568359375
710,2019-10-12,8336.5556640625
711,2019-10-13,8321.005859375
712,2019-10-14,8374.6865234375
713,2019-10-15,8205.369140625
714,2019-10-16,8047.52685546875
715,2019-10-17,8103.9111328125
716,2019-10-18,7973.20751953125
717,2019-10-19,7988.560546875
718,2019-10-20,8222.078125
719,2019-10-21,8243.720703125
720,2019-10-22,8078.203125
721,2019-10-23,7514.671875
722,2019-10-24,7493.48876953125
723,2019-10-25,8660.7001953125
724,2019-10-26,9244.97265625
725,2019-10-27,9551.71484375
726,2019-10-28,9256.1484375
727,2019-10-29,9427.6875
728,2019-10-30,9205.7265625
729,2019-10-31,9199.5849609375
730,2019-11-01,9261.1044921875
731,2019-11-02,9324.7177734375
732,2019-11-03,9235.3544921875
733,2019-11-04,9412.6123046875
734,2019-11-05,9342.52734375
735,2019-11-06,9360.8798828125
736,2019-11-07,9267.5615234375
737,2019-11-08,8804.880859375
738,2019-11-09,8813.58203125
739,2019-11-10,9055.5263671875
740,2019-11-11,8757.7880859375
741,2019-11-12,8815.662109375
742,2019-11-13,8808.2626953125
743,2019-11-14,8708.0947265625
744,2019-11-15,8491.9921875
745,2019-11-16,8550.7607421875
746,2019-11-17,8577.9755859375
747,2019-11-18,8309.2861328125
748,2019-11-19,8206.1455078125
749,2019-11-20,8027.26806640625
750,2019-11-21,7642.75
751,2019-11-22,7296.57763671875
752,2019-11-23,7397.796875
753,2019-11-24,7047.9169921875
754,2019-11-25,7146.1337890625
755,2019-11-26,7218.37109375
756,2019-11-27,7531.66357421875
757,2019-11-28,7463.10595703125
758,2019-11-29,7761.24365234375
759,2019-11-30,7569.6298828125
760,2019-12-01,7424.29248046875
761,2019-12-02,7321.98828125
762,2019-12-03,7320.1455078125
763,2019-12-04,7252.03466796875
764,2019-12-05,7448.3076171875
765,2019-12-06,7546.99658203125
766,2019-12-07,7556.23779296875
767,2019-12-08,7564.34521484375
768,2019-12-09,7400.8994140625
769,2019-12-10,7278.11962890625
770,2019-12-11,7217.42724609375
771,2019-12-12,7243.13427734375
772,2019-12-13,7269.6845703125
773,2019-12-14,7124.673828125
774,2019-12-15,7152.3017578125
775,2019-12-16,6932.48046875
776,2019-12-17,6640.51513671875
777,2019-12-18,7276.802734375
778,2019-12-19,7202.84423828125
779,2019-12-20,7218.81640625
780,2019-12-21,7191.15869140625
781,2019-12-22,7511.5888671875
782,2019-12-23,7355.62841796875
783,2019-12-24,7322.5322265625
784,2019-12-25,7275.15576171875
785,2019-12-26,7238.966796875
786,2019-12-27,7290.08837890625
787,2019-12-28,7317.990234375
788,2019-12-29,7422.65283203125
789,2019-12-30,7292.9951171875
790,2019-12-31,7193.59912109375
791,2020-01-01,7200.17431640625
792,2020-01-02,6985.47021484375
793,2020-01-03,7344.88427734375
794,2020-01-04,7410.65673828125
795,2020-01-05,7411.3173828125
796,2020-01-06,7769.21923828125
797,2020-01-07,8163.6923828125
798,2020-01-08,8079.86279296875
799,2020-01-09,7879.0712890625
800,2020-01-10,8166.55419921875
801,2020-01-11,8037.53759765625
802,2020-01-12,8192.494140625
803,2020-01-13,8144.1943359375
804,2020-01-14,8827.7646484375
805,2020-01-15,8807.0107421875
806,2020-01-16,8723.7861328125
807,2020-01-17,8929.0380859375
808,2020-01-18,8942.80859375
809,2020-01-19,8706.2451171875
810,2020-01-20,8657.642578125
811,2020-01-21,8745.89453125
812,2020-01-22,8680.8759765625
813,2020-01-23,8406.515625
814,2020-01-24,8445.4345703125
815,2020-01-25,8367.84765625
816,2020-01-26,8596.830078125
817,2020-01-27,8909.8193359375
818,2020-01-28,9358.58984375
819,2020-01-29,9316.6298828125
820,2020-01-30,9508.9931640625
821,2020-01-31,9350.529296875
822,2020-02-01,9392.875
823,2020-02-02,9344.365234375
824,2020-02-03,9293.521484375
825,2020-02-04,9180.962890625
826,2020-02-05,9613.423828125
827,2020-02-06,9729.8017578125
828,2020-02-07,9795.943359375
829,2020-02-08,9865.119140625
830,2020-02-09,10116.673828125
831,2020-02-10,9856.611328125
832,2020-02-11,10208.236328125
833,2020-02-12,10326.0546875
834,2020-02-13,10214.3798828125
835,2020-02-14,10312.1162109375
836,2020-02-15,9889.4248046875
837,2020-02-16,9934.43359375
838,2020-02-17,9690.142578125
839,2020-02-18,10141.99609375
840,2020-02-19,9633.38671875
841,2020-02-20,9608.4755859375
842,2020-02-21,9686.44140625
843,2020-02-22,9663.181640625
844,2020-02-23,9924.515625
845,2020-02-24,9650.1748046875
846,2020-02-25,9341.705078125
847,2020-02-26,8820.5224609375
848,2020-02-27,8784.494140625
849,2020-02-28,8672.455078125
850,2020-02-29,8599.5087890625
851,2020-03-01,8562.4541015625
852,2020-03-02,8869.669921875
853,2020-03-03,8787.7861328125
854,2020-03-04,8755.24609375
855,2020-03-05,9078.7626953125
856,2020-03-06,9122.5458984375
857,2020-03-07,8909.9541015625
858,2020-03-08,8108.1162109375
859,2020-03-09,7923.64453125
860,2020-03-10,7909.7294921875
861,2020-03-11,7911.43017578125
862,2020-03-12,4970.7880859375
863,2020-03-13,5563.70703125
864,2020-03-14,5200.3662109375
865,2020-03-15,5392.31494140625
866,2020-03-16,5014.47998046875
867,2020-03-17,5225.62939453125
868,2020-03-18,5238.4384765625
869,2020-03-19,6191.19287109375
870,2020-03-20,6198.7783203125
871,2020-03-21,6185.06640625
872,2020-03-22,5830.2548828125
873,2020-03-23,6416.31494140625
874,2020-03-24,6734.8037109375
875,2020-03-25,6681.06298828125
876,2020-03-26,6716.4404296875
877,2020-03-27,6469.79833984375
878,2020-03-28,6242.19384765625
879,2020-03-29,5922.04296875
880,2020-03-30,6429.841796875
881,2020-03-31,6438.64453125
882,2020-04-01,6606.7763671875
883,2020-04-02,6793.62451171875
884,2020-04-03,6733.38720703125
885,2020-04-04,6867.52734375
886,2020-04-05,6791.12939453125
887,2020-04-06,7271.78125
888,2020-04-07,7176.41455078125
889,2020-04-08,7334.0986328125
890,2020-04-09,7302.08935546875
891,2020-04-10,6865.4931640625
892,2020-04-11,6859.0830078125
893,2020-04-12,6971.091796875
894,2020-04-13,6845.03759765625
895,2020-04-14,6842.427734375
896,2020-04-15,6642.10986328125
897,2020-04-16,7116.80419921875
898,2020-04-17,7096.1845703125
899,2020-04-18,7257.6650390625
900,2020-04-19,7189.4248046875
901,2020-04-20,6881.95849609375
902,2020-04-21,6880.3232421875
903,2020-04-22,7117.20751953125
904,2020-04-23,7429.724609375
905,2020-04-24,7550.90087890625
906,2020-04-25,7569.93603515625
907,2020-04-26,7679.8671875
908,2020-04-27,7795.60107421875
909,2020-04-28,7807.05859375
910,2020-04-29,8801.0380859375
911,2020-04-30,8658.5537109375
912,2020-05-01,8864.7666015625
913,2020-05-02,8988.5966796875
914,2020-05-03,8897.46875
915,2020-05-04,8912.654296875
916,2020-05-05,9003.0703125
917,2020-05-06,9268.76171875
918,2020-05-07,9951.5185546875
919,2020-05-08,9842.666015625
920,2020-05-09,9593.896484375
921,2020-05-10,8756.4306640625
922,2020-05-11,8601.7958984375
923,2020-05-12,8804.4775390625
924,2020-05-13,9269.9873046875
925,2020-05-14,9733.7216796875
926,2020-05-15,9328.197265625
927,2020-05-16,9377.013671875
928,2020-05-17,9670.7392578125
929,2020-05-18,9726.5751953125
930,2020-05-19,9729.0380859375
931,2020-05-20,9522.9814453125
932,2020-05-21,9081.76171875
933,2020-05-22,9182.5771484375
934,2020-05-23,9209.287109375
935,2020-05-24,8790.3681640625
936,2020-05-25,8906.9345703125
937,2020-05-26,8835.052734375
938,2020-05-27,9181.017578125
939,2020-05-28,9525.7509765625
940,2020-05-29,9439.1240234375
941,2020-05-30,9700.4140625
942,2020-05-31,9461.05859375
943,2020-06-01,10167.2685546875
944,2020-06-02,9529.8037109375
945,2020-06-03,9656.7177734375
946,2020-06-04,9800.63671875
947,2020-06-05,9665.533203125
948,2020-06-06,9653.6796875
949,2020-06-07,9758.8525390625
950,2020-06-08,9771.4892578125
951,2020-06-09,9795.7001953125
952,2020-06-10,9870.0947265625
953,2020-06-11,9321.78125
954,2020-06-12,9480.84375
955,2020-06-13,9475.27734375
956,2020-06-14,9386.7880859375
957,2020-06-15,9450.7021484375
958,2020-06-16,9538.0244140625
959,2020-06-17,9480.2548828125
960,2020-06-18,9411.8408203125
961,2020-06-19,9288.0185546875
962,2020-06-20,9332.3408203125
963,2020-06-21,9303.6298828125
964,2020-06-22,9648.7177734375
965,2020-06-23,9629.658203125
966,2020-06-24,9313.6103515625
967,2020-06-25,9264.8134765625
968,2020-06-26,9162.91796875
969,2020-06-27,9045.390625
970,2020-06-28,9143.58203125
971,2020-06-29,9190.8544921875
972,2020-06-30,9137.9931640625
973,2020-07-01,9228.3251953125
974,2020-07-02,9123.41015625
975,2020-07-03,9087.3037109375
976,2020-07-04,9132.48828125
977,2020-07-05,9073.9423828125
978,2020-07-06,9375.474609375
979,2020-07-07,9252.27734375
980,2020-07-08,9428.3330078125
981,2020-07-09,9277.9677734375
982,2020-07-10,9278.8076171875
983,2020-07-11,9240.3466796875
984,2020-07-12,9276.5
985,2020-07-13,9243.6142578125
986,2020-07-14,9243.2138671875
987,2020-07-15,9192.8369140625
988,2020-07-16,9132.2275390625
989,2020-07-17,9151.392578125
990,2020-07-18,9159.0400390625
991,2020-07-19,9185.8173828125
992,2020-07-20,9164.2314453125
993,2020-07-21,9374.8876953125
994,2020-07-22,9525.36328125
995,2020-07-23,9581.072265625
996,2020-07-24,9536.892578125
997,2020-07-25,9677.11328125
998,2020-07-26,9905.1669921875
999,2020-07-27,10990.873046875
1000,2020-07-28,10912.8232421875
1001,2020-07-29,11100.4677734375
1002,2020-07-30,11111.2138671875
1003,2020-07-31,11323.466796875
1004,2020-08-01,11759.5927734375
1005,2020-08-02,11053.6142578125
1006,2020-08-03,11246.3486328125
1007,2020-08-04,11205.892578125
1008,2020-08-05,11747.0224609375
1009,2020-08-06,11779.7734375
1010,2020-08-07,11601.47265625
1011,2020-08-08,11754.0458984375
1012,2020-08-09,11675.7392578125
1013,2020-08-10,11878.111328125
1014,2020-08-11,11410.525390625
1015,2020-08-12,11584.9345703125
1016,2020-08-13,11784.1376953125
1017,2020-08-14,11768.87109375
1018,2020-08-15,11865.6982421875
1019,2020-08-16,11892.8037109375
1020,2020-08-17,12254.40234375
1021,2020-08-18,11991.2333984375
1022,2020-08-19,11758.283203125
1023,2020-08-20,11878.3720703125
1024,2020-08-21,11592.4892578125
1025,2020-08-22,11681.8251953125
1026,2020-08-23,11664.84765625
1027,2020-08-24,11774.595703125
1028,2020-08-25,11366.134765625
1029,2020-08-26,11488.36328125
1030,2020-08-27,11323.3974609375
1031,2020-08-28,11542.5
1032,2020-08-29,11506.865234375
1033,2020-08-30,11711.505859375
1034,2020-08-31,11680.8203125
1035,2020-09-01,11970.478515625
1036,2020-09-02,11414.0341796875
1037,2020-09-03,10245.296875
1038,2020-09-04,10511.8134765625
1039,2020-09-05,10169.5673828125
1040,2020-09-06,10280.3515625
1041,2020-09-07,10369.5634765625
1042,2020-09-08,10131.5166015625
1043,2020-09-09,10242.34765625
1044,2020-09-10,10363.138671875
1045,2020-09-11,10400.9150390625
1046,2020-09-12,10442.1708984375
1047,2020-09-13,10323.755859375
1048,2020-09-14,10680.837890625
1049,2020-09-15,10796.951171875
1050,2020-09-16,10974.9052734375
1051,2020-09-17,10948.990234375
1052,2020-09-18,10944.5859375
1053,2020-09-19,11094.3466796875
1054,2020-09-20,10938.271484375
1055,2020-09-21,10462.259765625
1056,2020-09-22,10538.4599609375
1057,2020-09-23,10246.1865234375
1058,2020-09-24,10760.06640625
1059,2020-09-25,10692.716796875
1060,2020-09-26,10750.7236328125
1061,2020-09-27,10775.26953125
1062,2020-09-28,10709.65234375
1063,2020-09-29,10844.640625
1064,2020-09-30,10784.4912109375
1065,2020-10-01,10619.4521484375
1066,2020-10-02,10575.974609375
1067,2020-10-03,10549.3291015625
1068,2020-10-04,10669.5830078125
1069,2020-10-05,10793.33984375
1070,2020-10-06,10604.40625
1071,2020-10-07,10668.96875
1072,2020-10-08,10915.685546875
1073,2020-10-09,11064.4580078125
1074,2020-10-10,11296.361328125
1075,2020-10-11,11384.181640625
1076,2020-10-12,11555.36328125
1077,2020-10-13,11425.8994140625
1078,2020-10-14,11429.5068359375
1079,2020-10-15,11495.349609375
1080,2020-10-16,11322.123046875
1081,2020-10-17,11358.1015625
1082,2020-10-18,11483.359375
1083,2020-10-19,11742.037109375
1084,2020-10-20,11916.3349609375
1085,2020-10-21,12823.689453125
1086,2020-10-22,12965.8916015625
1087,2020-10-23,12931.5390625
1088,2020-10-24,13108.0625
1089,2020-10-25,13031.173828125
1090,2020-10-26,13075.248046875
1091,2020-10-27,13654.21875
1092,2020-10-28,13271.28515625
1093,2020-10-29,13437.8828125
1094,2020-10-30,13546.5224609375
1095,2020-10-31,13780.9951171875
1096,2020-11-01,13737.109375
1097,2020-11-02,13550.4892578125
1098,2020-11-03,13950.30078125
1099,2020-11-04,14133.70703125
1100,2020-11-05,15579.8486328125
1101,2020-11-06,15565.880859375
1102,2020-11-07,14833.75390625
1103,2020-11-08,15479.5673828125
1104,2020-11-09,15332.3154296875
1105,2020-11-10,15290.90234375
1106,2020-11-11,15701.33984375
1107,2020-11-12,16276.34375
1108,2020-11-13,16317.80859375
1109,2020-11-14,16068.138671875
1110,2020-11-15,15955.587890625
1111,2020-11-16,16716.111328125
1112,2020-11-17,17645.40625
1113,2020-11-18,17804.005859375
1114,2020-11-19,17817.08984375
1115,2020-11-20,18621.314453125
1116,2020-11-21,18642.232421875
1117,2020-11-22,18370.001953125
1118,2020-11-23,18364.12109375
1119,2020-11-24,19107.46484375
1120,2020-11-25,18732.12109375
1121,2020-11-26,17150.623046875
1122,2020-11-27,17108.40234375
1123,2020-11-28,17717.4140625
1124,2020-11-29,18177.484375
1125,2020-11-30,19625.8359375
1126,2020-12-01,18802.998046875
1127,2020-12-02,19201.091796875
1128,2020-12-03,19445.3984375
1129,2020-12-04,18699.765625
1130,2020-12-05,19154.23046875
1131,2020-12-06,19345.12109375
1132,2020-12-07,19191.630859375
1133,2020-12-08,18321.14453125
1134,2020-12-09,18553.916015625
1135,2020-12-10,18264.9921875
1136,2020-12-11,18058.904296875
1137,2020-12-12,18803.65625
1138,2020-12-13,19142.3828125
1139,2020-12-14,19246.64453125
1140,2020-12-15,19417.076171875
1141,2020-12-16,21310.59765625
1142,2020-12-17,22805.162109375
1143,2020-12-18,23137.9609375
1144,2020-12-19,23869.83203125
1145,2020-12-20,23477.294921875
1146,2020-12-21,22803.08203125
1147,2020-12-22,23783.029296875
1148,2020-12-23,23241.345703125
1149,2020-12-24,23735.94921875
1150,2020-12-25,24664.791015625
1151,2020-12-26,26437.037109375
1152,2020-12-27,26272.294921875
1153,2020-12-28,27084.80859375
1154,2020-12-29,27362.4375
1155,2020-12-30,28840.953125
1156,2020-12-31,29001.720703125
1157,2021-01-01,29374.15234375
1158,2021-01-02,32127.267578125
1159,2021-01-03,32782.0234375
1160,2021-01-04,31971.9140625
1161,2021-01-05,33992.4296875
1162,2021-01-06,36824.36328125
1163,2021-01-07,39371.04296875
1164,2021-01-08,40797.609375
1165,2021-01-09,40254.546875
1166,2021-01-10,38356.44140625
1167,2021-01-11,35566.65625
1168,2021-01-12,33922.9609375
1169,2021-01-13,37316.359375
1170,2021-01-14,39187.328125
1171,2021-01-15,36825.3671875
1172,2021-01-16,36178.140625
1173,2021-01-17,35791.27734375
1174,2021-01-18,36630.07421875
1175,2021-01-19,36069.8046875
1176,2021-01-20,35547.75
1177,2021-01-21,30825.69921875
1178,2021-01-22,33005.76171875
1179,2021-01-23,32067.642578125
1180,2021-01-24,32289.37890625
1181,2021-01-25,32366.392578125
1182,2021-01-26,32569.849609375
1183,2021-01-27,30432.546875
1184,2021-01-28,33466.09765625
1185,2021-01-29,34316.38671875
1186,2021-01-30,34269.5234375
1187,2021-01-31,33114.359375
1188,2021-02-01,33537.17578125
1189,2021-02-02,35510.2890625
1190,2021-02-03,37472.08984375
1191,2021-02-04,36926.06640625
1192,2021-02-05,38144.30859375
1193,2021-02-06,39266.01171875
1194,2021-02-07,38903.44140625
1195,2021-02-08,46196.46484375
1196,2021-02-09,46481.10546875
1197,2021-02-10,44918.18359375
1198,2021-02-11,47909.33203125
1199,2021-02-12,47504.8515625
1200,2021-02-13,47105.515625
1201,2021-02-14,48717.2890625
1202,2021-02-15,47945.05859375
1203,2021-02-16,49199.87109375
1204,2021-02-17,52149.0078125
1205,2021-02-18,51679.796875
1206,2021-02-19,55888.1328125
1207,2021-02-20,56099.51953125
1208,2021-02-21,57539.9453125
1209,2021-02-22,54207.3203125
1210,2021-02-23,48824.42578125
1211,2021-02-24,49705.33203125
1212,2021-02-25,47093.8515625
1213,2021-02-26,46339.76171875
1214,2021-02-27,46188.453125
1215,2021-02-28,45137.76953125
1216,2021-03-01,49631.2421875
1217,2021-03-02,48378.98828125
1218,2021-03-03,50538.2421875
1219,2021-03-04,48561.16796875
1220,2021-03-05,48927.3046875
1221,2021-03-06,48912.3828125
1222,2021-03-07,51206.69140625
1223,2021-03-08,52246.5234375
1224,2021-03-09,54824.1171875
1225,2021-03-10,56008.55078125
1226,2021-03-11,57805.12109375
1227,2021-03-12,57332.08984375
1228,2021-03-13,61243.0859375
1229,2021-03-14,59302.31640625
1230,2021-03-15,55907.19921875
1231,2021-03-16,56804.90234375
1232,2021-03-17,58870.89453125
1233,2021-03-18,57858.921875
1234,2021-03-19,58346.65234375
1235,2021-03-20,58313.64453125
1236,2021-03-21,57523.421875
1237,2021-03-22,54529.14453125
1238,2021-03-23,54738.9453125
1239,2021-03-24,52774.265625
1240,2021-03-25,51704.16015625
1241,2021-03-26,55137.3125
1242,2021-03-27,55973.51171875
1243,2021-03-28,55950.74609375
1244,2021-03-29,57750.19921875
1245,2021-03-30,58917.69140625
1246,2021-03-31,58918.83203125
1247,2021-04-01,59095.80859375
1248,2021-04-02,59384.3125
1249,2021-04-03,57603.890625
1250,2021-04-04,58758.5546875
1251,2021-04-05,59057.87890625
1252,2021-04-06,58192.359375
1253,2021-04-07,56048.9375
1254,2021-04-08,58323.953125
1255,2021-04-09,58245.00390625
1256,2021-04-10,59793.234375
1257,2021-04-11,60204.96484375
1258,2021-04-12,59893.453125
1259,2021-04-13,63503.45703125
1260,2021-04-14,63109.6953125
1261,2021-04-15,63314.01171875
1262,2021-04-16,61572.7890625
1263,2021-04-17,60683.8203125
1264,2021-04-18,56216.18359375
1265,2021-04-19,55724.265625
1266,2021-04-20,56473.03125
1267,2021-04-21,53906.08984375
1268,2021-04-22,51762.2734375
1269,2021-04-23,51093.65234375
1270,2021-04-24,50050.8671875
1271,2021-04-25,49004.25390625
1272,2021-04-26,54021.75390625
1273,2021-04-27,55033.1171875
1274,2021-04-28,54824.703125
1275,2021-04-29,53555.109375
1276,2021-04-30,57750.17578125
1277,2021-05-01,57828.05078125
1278,2021-05-02,56631.078125
1279,2021-05-03,57200.29296875
1280,2021-05-04,53333.5390625
1281,2021-05-05,57424.0078125
1282,2021-05-06,56396.515625
1283,2021-05-07,57356.40234375
1284,2021-05-08,58803.77734375
1285,2021-05-09,58232.31640625
1286,2021-05-10,55859.796875
1287,2021-05-11,56704.57421875
1288,2021-05-12,49150.53515625
1289,2021-05-13,49716.19140625
1290,2021-05-14,49880.53515625
1291,2021-05-15,46760.1875
1292,2021-05-16,46456.05859375
1293,2021-05-17,43537.51171875
1294,2021-05-18,42909.40234375
1295,2021-05-19,37002.44140625
1296,2021-05-20,40782.73828125
1297,2021-05-21,37304.69140625
1298,2021-05-22,37536.6328125
1299,2021-05-23,34770.58203125
1300,2021-05-24,38705.98046875
1301,2021-05-25,38402.22265625
1302,2021-05-26,39294.19921875
1303,2021-05-27,38436.96875
1304,2021-05-28,35697.60546875
1305,2021-05-29,34616.06640625
1306,2021-05-30,35678.12890625
1307,2021-05-31,37332.85546875
1308,2021-06-01,36684.92578125
1309,2021-06-02,37575.1796875
1310,2021-06-03,39208.765625
1311,2021-06-04,36894.40625
1312,2021-06-05,35551.95703125
1313,2021-06-06,35862.37890625
1314,2021-06-07,33560.70703125
1315,2021-06-08,33472.6328125
1316,2021-06-09,37345.12109375
1317,2021-06-10,36702.59765625
1318,2021-06-11,37334.3984375
1319,2021-06-12,35552.515625
1320,2021-06-13,39097.859375
1321,2021-06-14,40218.4765625
1322,2021-06-15,40406.26953125
1323,2021-06-16,38347.0625
1324,2021-06-17,38053.50390625
1325,2021-06-18,35787.24609375
1326,2021-06-19,35615.87109375
1327,2021-06-20,35698.296875
1328,2021-06-21,31676.693359375
1329,2021-06-22,32505.66015625
1330,2021-06-23,33723.02734375
1331,2021-06-24,34662.4375
1332,2021-06-25,31637.779296875
1333,2021-06-26,32186.27734375
1334,2021-06-27,34649.64453125
1335,2021-06-28,34434.3359375
1336,2021-06-29,35867.77734375
1337,2021-06-30,35040.8359375
1338,2021-07-01,33572.1171875
1339,2021-07-02,33897.046875
1340,2021-07-03,34668.546875
1341,2021-07-04,35287.78125
1342,2021-07-05,33746.00390625
1343,2021-07-06,34235.1953125
1344,2021-07-07,33855.328125
1345,2021-07-08,32877.37109375
1346,2021-07-09,33798.01171875
1347,2021-07-10,33520.51953125
1348,2021-07-11,34240.1875
1349,2021-07-12,33155.84765625
1350,2021-07-13,32702.025390625
1351,2021-07-14,32822.34765625
1352,2021-07-15,31780.73046875
1353,2021-07-16,31421.5390625
1354,2021-07-17,31533.068359375
1355,2021-07-18,31796.810546875
1356,2021-07-19,30817.83203125
1357,2021-07-20,29807.34765625
1358,2021-07-21,32110.693359375
1359,2021-07-22,32313.10546875
1360,2021-07-23,33581.55078125
1361,2021-07-24,34292.4453125
1362,2021-07-25,35350.1875
1363,2021-07-26,37337.53515625
1364,2021-07-27,39406.94140625
1365,2021-07-28,39995.90625
1366,2021-07-29,40008.421875
1367,2021-07-30,42235.546875
1368,2021-07-31,41626.1953125
1369,2021-08-01,39974.89453125
1370,2021-08-02,39201.9453125
1371,2021-08-03,38152.98046875
1372,2021-08-04,39747.50390625
1373,2021-08-05,40869.5546875
1374,2021-08-06,42816.5
1375,2021-08-07,44555.80078125
1376,2021-08-08,43798.1171875
1377,2021-08-09,46365.40234375
1378,2021-08-10,45585.03125
1379,2021-08-11,45593.63671875
1380,2021-08-12,44428.2890625
1381,2021-08-13,47793.3203125
1382,2021-08-14,47096.9453125
1383,2021-08-15,47047.00390625
1384,2021-08-16,46004.484375
1385,2021-08-17,44695.359375
1386,2021-08-18,44801.1875
1387,2021-08-19,46717.578125
1388,2021-08-20,49339.17578125
1389,2021-08-21,48905.4921875
1390,2021-08-22,49321.65234375
1391,2021-08-23,49546.1484375
1392,2021-08-24,47706.1171875
1393,2021-08-25,48960.7890625
1394,2021-08-26,46942.21875
1395,2021-08-27,49058.66796875
1396,2021-08-28,48902.40234375
1397,2021-08-29,48829.83203125
1398,2021-08-30,47054.984375
1399,2021-08-31,47166.6875
1400,2021-09-01,48847.02734375
1401,2021-09-02,49327.72265625
1402,2021-09-03,50025.375
1403,2021-09-04,49944.625
1404,2021-09-05,51753.41015625
1405,2021-09-06,52633.53515625
1406,2021-09-07,46811.12890625
1407,2021-09-08,46091.390625
1408,2021-09-09,46391.421875
1409,2021-09-10,44883.91015625
1410,2021-09-11,45201.45703125
1411,2021-09-12,46063.26953125
1412,2021-09-13,44963.07421875
1413,2021-09-14,47092.4921875
1414,2021-09-15,48176.34765625
1415,2021-09-16,47783.359375
1416,2021-09-17,47267.51953125
1417,2021-09-18,48278.36328125
1418,2021-09-19,47260.21875
1419,2021-09-20,42843.80078125
1420,2021-09-21,40693.67578125
1421,2021-09-22,43574.5078125
1422,2021-09-23,44895.09765625
1423,2021-09-24,42839.75
1424,2021-09-25,42716.59375
1425,2021-09-26,43208.5390625
1426,2021-09-27,42235.73046875
1427,2021-09-28,41034.54296875
1428,2021-09-29,41564.36328125
1429,2021-09-30,43790.89453125
1430,2021-10-01,48116.94140625
1431,2021-10-02,47711.48828125
1432,2021-10-03,48199.953125
1433,2021-10-04,49112.90234375
1434,2021-10-05,51514.8125
1435,2021-10-06,55361.44921875
1436,2021-10-07,53805.984375
1437,2021-10-08,53967.84765625
1438,2021-10-09,54968.22265625
1439,2021-10-10,54771.578125
1440,2021-10-11,57484.7890625
1441,2021-10-12,56041.05859375
1442,2021-10-13,57401.09765625
1443,2021-10-14,57321.5234375
1444,2021-10-15,61593.94921875
1445,2021-10-16,60892.1796875
1446,2021-10-17,61553.6171875
1447,2021-10-18,62026.078125
1448,2021-10-19,64261.9921875
1449,2021-10-20,65992.8359375
1450,2021-10-21,62210.171875
1451,2021-10-22,60692.265625
1452,2021-10-23,61393.6171875
1453,2021-10-24,60930.8359375
1454,2021-10-25,63039.82421875
1455,2021-10-26,60363.79296875
1456,2021-10-27,58482.38671875
1457,2021-10-28,60622.13671875
1458,2021-10-29,62227.96484375
1459,2021-10-30,61888.83203125
1460,2021-10-31,61318.95703125
1461,2021-11-01,61004.40625
1462,2021-11-02,63226.40234375
1463,2021-11-03,62970.046875
1464,2021-11-04,61452.23046875
1465,2021-11-05,61125.67578125
1466,2021-11-06,61527.48046875
1467,2021-11-07,63326.98828125
1468,2021-11-08,67566.828125
1469,2021-11-09,66971.828125
1470,2021-11-10,64995.23046875
1471,2021-11-11,64949.9609375
1472,2021-11-12,64155.94140625
1473,2021-11-13,64469.52734375
1474,2021-11-14,65466.83984375
1475,2021-11-15,63557.87109375
1476,2021-11-16,60161.24609375
1477,2021-11-17,60368.01171875
1478,2021-11-18,56942.13671875
1479,2021-11-19,58119.578125
1480,2021-11-20,59697.1953125
1481,2021-11-21,58730.4765625
1482,2021-11-22,56289.2890625
1483,2021-11-23,57569.07421875
1484,2021-11-24,56280.42578125
1485,2021-11-25,57274.6796875
1486,2021-11-26,53569.765625
1487,2021-11-27,54815.078125
1488,2021-11-28,57248.45703125
1489,2021-11-29,57806.56640625
1490,2021-11-30,57005.42578125
1491,2021-12-01,57229.828125
1492,2021-12-02,56477.81640625
1493,2021-12-03,53598.24609375
1494,2021-12-04,49200.703125
1495,2021-12-05,49368.84765625
1496,2021-12-06,50582.625
1497,2021-12-07,50700.0859375
1498,2021-12-08,50504.796875
1499,2021-12-09,47672.12109375
1500,2021-12-10,47243.3046875
1501,2021-12-11,49362.5078125
1502,2021-12-12,50098.3359375
1503,2021-12-13,46737.48046875
1504,2021-12-14,46612.6328125
1505,2021-12-15,48896.72265625
1506,2021-12-16,47665.42578125
1507,2021-12-17,46202.14453125
1508,2021-12-18,46848.77734375
1509,2021-12-19,46707.015625
1510,2021-12-20,46880.27734375
1511,2021-12-21,48936.61328125
1512,2021-12-22,48628.51171875
1513,2021-12-23,50784.5390625
1514,2021-12-24,50822.1953125
1515,2021-12-25,50429.859375
1516,2021-12-26,50809.515625
1517,2021-12-27,50640.41796875
1518,2021-12-28,47588.85546875
1519,2021-12-29,46444.7109375
1520,2021-12-30,47178.125
1521,2021-12-31,46306.4453125
1522,2022-01-01,47686.8125
1523,2022-01-02,47345.21875
1524,2022-01-03,46458.1171875
1525,2022-01-04,45897.57421875
1526,2022-01-05,43569.00390625
1527,2022-01-06,43160.9296875
1528,2022-01-07,41557.90234375
1529,2022-01-08,41733.94140625
1530,2022-01-09,41911.6015625
1531,2022-01-10,41821.26171875
1532,2022-01-11,42735.85546875
1533,2022-01-12,43949.1015625
1534,2022-01-13,42591.5703125
1535,2022-01-14,43099.69921875
1536,2022-01-15,43177.3984375
1537,2022-01-16,43113.87890625
1538,2022-01-17,42250.55078125
1539,2022-01-18,42375.6328125
1540,2022-01-19,41744.328125
1541,2022-01-20,40680.41796875
1542,2022-01-21,36457.31640625
1543,2022-01-22,35030.25
1544,2022-01-23,36276.8046875
1545,2022-01-24,36654.328125
1546,2022-01-25,36954.00390625
1547,2022-01-26,36852.12109375
1548,2022-01-27,37138.234375
1549,2022-01-28,37784.33203125
1550,2022-01-29,38138.1796875
1551,2022-01-30,37917.6015625
1552,2022-01-31,38483.125
1553,2022-02-01,38743.2734375
1554,2022-02-02,36952.984375
1555,2022-02-03,37154.6015625
1556,2022-02-04,41500.875
1557,2022-02-05,41441.1640625
1558,2022-02-06,42412.43359375
1559,2022-02-07,43840.28515625
1560,2022-02-08,44118.4453125
1561,2022-02-09,44338.796875
1562,2022-02-10,43565.11328125
1563,2022-02-11,42407.9375
1564,2022-02-12,42244.46875
1565,2022-02-13,42197.515625
1566,2022-02-14,42586.91796875
1567,2022-02-15,44575.203125
1568,2022-02-16,43961.859375
1569,2022-02-17,40538.01171875
1570,2022-02-18,40030.9765625
1571,2022-02-19,40122.15625
1572,2022-02-20,38431.37890625
1573,2022-02-21,37075.28125
1574,2022-02-22,38286.02734375
1575,2022-02-23,37296.5703125
1576,2022-02-24,38332.609375
1577,2022-02-25,39214.21875
1578,2022-02-26,39105.1484375
1579,2022-02-27,37709.78515625
1580,2022-02-28,43193.234375
1581,2022-03-01,44354.63671875
1582,2022-03-02,43924.1171875
1583,2022-03-03,42451.7890625
1584,2022-03-04,39137.60546875
1585,2022-03-05,39400.5859375
1586,2022-03-06,38419.984375
1587,2022-03-07,38062.0390625
1588,2022-03-08,38737.26953125
1589,2022-03-09,41982.92578125
1590,2022-03-10,39437.4609375
1591,2022-03-11,38794.97265625
1592,2022-03-12,38904.01171875
1593,2022-03-13,37849.6640625
1594,2022-03-14,39666.75390625
1595,2022-03-15,39338.78515625
1596,2022-03-16,41143.9296875
1597,2022-03-17,40951.37890625
1598,2022-03-18,41801.15625
1599,2022-03-19,42190.65234375
1600,2022-03-20,41247.82421875
1601,2022-03-21,41077.99609375
1602,2022-03-22,42358.80859375
1603,2022-03-23,42892.95703125
1604,2022-03-24,43960.93359375
1605,2022-03-25,44348.73046875
1606,2022-03-26,44500.828125
1607,2022-03-27,46820.4921875
1608,2022-03-28,47128.00390625
1609,2022-03-29,47465.73046875
1610,2022-03-30,47062.6640625
1611,2022-03-31,45538.67578125
1612,2022-04-01,46281.64453125
1613,2022-04-02,45868.94921875
1614,2022-04-03,46453.56640625
1615,2022-04-04,46622.67578125
1616,2022-04-05,45555.9921875
1617,2022-04-06,43206.73828125
1618,2022-04-07,43503.84765625
1619,2022-04-08,42287.6640625
1620,2022-04-09,42782.13671875
1621,2022-04-10,42207.671875
1622,2022-04-11,39521.90234375
1623,2022-04-12,40127.18359375
1624,2022-04-13,41166.73046875
1625,2022-04-14,39935.515625
1626,2022-04-15,40553.46484375
1627,2022-04-16,40424.484375
1628,2022-04-17,39716.953125
1629,2022-04-18,40826.21484375
1630,2022-04-19,41502.75
1631,2022-04-20,41374.37890625
1632,2022-04-21,40527.36328125
1633,2022-04-22,39740.3203125
1634,2022-04-23,39486.73046875
1635,2022-04-24,39469.29296875
1636,2022-04-25,40458.30859375
1637,2022-04-26,38117.4609375
1638,2022-04-27,39241.12109375
1639,2022-04-28,39773.828125
1640,2022-04-29,38609.82421875
1641,2022-04-30,37714.875
1642,2022-05-01,38469.09375
1643,2022-05-02,38529.328125
1644,2022-05-03,37750.453125
1645,2022-05-04,39698.37109375
1646,2022-05-05,36575.140625
1647,2022-05-06,36040.921875
1648,2022-05-07,35501.953125
1649,2022-05-08,34059.265625
1650,2022-05-09,30296.953125
1651,2022-05-10,31022.90625
1652,2022-05-11,28936.35546875
1653,2022-05-12,29047.751953125
1654,2022-05-13,29283.103515625
1655,2022-05-14,30101.265625
1656,2022-05-15,31305.11328125
1657,2022-05-16,29862.91796875
1658,2022-05-17,30425.857421875
1659,2022-05-18,28720.271484375
1660,2022-05-19,30314.333984375
1661,2022-05-20,29200.740234375
1662,2022-05-21,29432.2265625
1663,2022-05-22,30323.72265625
1664,2022-05-23,29098.91015625
1665,2022-05-24,29655.5859375
1666,2022-05-25,29562.361328125
1667,2022-05-26,29267.224609375
1668,2022-05-27,28627.57421875
1669,2022-05-28,28814.900390625
1670,2022-05-29,29445.95703125
1671,2022-05-30,31726.390625
1672,2022-05-31,31792.310546875
1673,2022-06-01,29799.080078125
1674,2022-06-02,30467.48828125
1675,2022-06-03,29704.390625
1676,2022-06-04,29832.9140625
1677,2022-06-05,29906.662109375
1678,2022-06-06,31370.671875
1679,2022-06-07,31155.478515625
1680,2022-06-08,30214.35546875
1681,2022-06-09,30111.998046875
1682,2022-06-10,29083.8046875
1683,2022-06-11,28360.810546875
1684,2022-06-12,26762.6484375
1685,2022-06-13,22487.388671875
1686,2022-06-14,22206.79296875
1687,2022-06-15,22572.83984375
1688,2022-06-16,20381.650390625
1689,2022-06-17,20471.482421875
1690,2022-06-18,19017.642578125
1691,2022-06-19,20553.271484375
1692,2022-06-20,20599.537109375
1693,2022-06-21,20710.59765625
1694,2022-06-22,19987.029296875
1695,2022-06-23,21085.876953125
1696,2022-06-24,21231.65625
1697,2022-06-25,21502.337890625
1698,2022-06-26,21027.294921875
1699,2022-06-27,20735.478515625
1700,2022-06-28,20280.634765625
1701,2022-06-29,20104.0234375
1702,2022-06-30,19784.7265625
1703,2022-07-01,19269.3671875
1704,2022-07-02,19242.255859375
1705,2022-07-03,19297.076171875
1706,2022-07-04,20231.26171875
1707,2022-07-05,20190.115234375
1708,2022-07-06,20548.24609375
1709,2022-07-07,21637.587890625
1710,2022-07-08,21731.1171875
1711,2022-07-09,21592.20703125
1712,2022-07-10,20860.44921875
1713,2022-07-11,19970.556640625
1714,2022-07-12,19323.9140625
1715,2022-07-13,20212.07421875
1716,2022-07-14,20569.919921875
1717,2022-07-15,20836.328125
1718,2022-07-16,21190.31640625
1719,2022-07-17,20779.34375
1720,2022-07-18,22485.689453125
1721,2022-07-19,23389.43359375
1722,2022-07-20,23231.732421875
1723,2022-07-21,23164.62890625
1724,2022-07-22,22714.978515625
1725,2022-07-23,22465.478515625
1726,2022-07-24,22609.1640625
1727,2022-07-25,21361.701171875
1728,2022-07-26,21239.75390625
1729,2022-07-27,22930.548828125
1730,2022-07-28,23843.88671875
1731,2022-07-29,23804.6328125
1732,2022-07-30,23656.20703125
1733,2022-07-31,23336.896484375
1734,2022-08-01,23314.19921875
1735,2022-08-02,22978.1171875
1736,2022-08-03,22846.5078125
1737,2022-08-04,22630.95703125
1738,2022-08-05,23289.314453125
1739,2022-08-06,22961.279296875
1740,2022-08-07,23175.890625
1741,2022-08-08,23809.486328125
1742,2022-08-09,23164.318359375
1743,2022-08-10,23947.642578125
1744,2022-08-11,23957.529296875
1745,2022-08-12,24402.818359375
1746,2022-08-13,24424.068359375
1747,2022-08-14,24319.333984375
1748,2022-08-15,24136.97265625
1749,2022-08-16,23883.291015625
1750,2022-08-17,23335.998046875
1751,2022-08-18,23212.73828125
1752,2022-08-19,20877.552734375
1753,2022-08-20,21166.060546875
1754,2022-08-21,21534.12109375
1755,2022-08-22,21398.908203125
1756,2022-08-23,21528.087890625
1757,2022-08-24,21395.01953125
1758,2022-08-25,21600.904296875
1759,2022-08-26,20260.01953125
1760,2022-08-27,20041.73828125
1761,2022-08-28,19616.814453125
1762,2022-08-29,20297.994140625
1763,2022-08-30,19796.80859375
1764,2022-08-31,20049.763671875
1765,2022-09-01,20127.140625
1766,2022-09-02,19969.771484375
1767,2022-09-03,19832.087890625
1768,2022-09-04,19986.712890625
1769,2022-09-05,19812.37109375
1770,2022-09-06,18837.66796875
1771,2022-09-07,19290.32421875
1772,2022-09-08,19329.833984375
1773,2022-09-09,21381.15234375
1774,2022-09-10,21680.5390625
1775,2022-09-11,21769.255859375
1776,2022-09-12,22370.44921875
1777,2022-09-13,20296.70703125
1778,2022-09-14,20241.08984375
1779,2022-09-15,19701.2109375
1780,2022-09-16,19772.583984375
1781,2022-09-17,20127.576171875
1782,2022-09-18,19419.505859375
1783,2022-09-19,19544.12890625
1784,2022-09-20,18890.7890625
1785,2022-09-21,18547.400390625
1786,2022-09-22,19413.55078125
1787,2022-09-23,19297.638671875
1788,2022-09-24,18937.01171875
1789,2022-09-25,18802.09765625
1790,2022-09-26,19222.671875
1791,2022-09-27,19110.546875
1792,2022-09-28,19426.720703125
1793,2022-09-29,19573.05078125
1794,2022-09-30,19431.7890625
1795,2022-10-01,19312.095703125
1796,2022-10-02,19044.107421875
1797,2022-10-03,19623.580078125
1798,2022-10-04,20336.84375
1799,2022-10-05,20160.716796875
1800,2022-10-06,19955.443359375
1801,2022-10-07,19546.849609375
1802,2022-10-08,19416.568359375
1803,2022-10-09,19446.42578125
1804,2022-10-10,19141.484375
1805,2022-10-11,19051.41796875
1806,2022-10-12,19157.4453125
1807,2022-10-13,19382.904296875
1808,2022-10-14,19185.65625
1809,2022-10-15,19067.634765625
1810,2022-10-16,19268.09375
1811,2022-10-17,19550.7578125
1812,2022-10-18,19334.416015625
1813,2022-10-19,19139.53515625
1814,2022-10-20,19053.740234375
1815,2022-10-21,19172.46875
1816,2022-10-22,19208.189453125
1817,2022-10-23,19567.0078125
1818,2022-10-24,19345.572265625
1819,2022-10-25,20095.857421875
1820,2022-10-26,20770.44140625
1821,2022-10-27,20285.8359375
1822,2022-10-28,20595.3515625
1823,2022-10-29,20818.4765625
1824,2022-10-30,20635.603515625
1825,2022-10-31,20495.7734375
1826,2022-11-01,20485.2734375
1827,2022-11-02,20159.50390625
1828,2022-11-03,20209.98828125
1829,2022-11-04,21147.23046875
1830,2022-11-05,21282.69140625
1831,2022-11-06,20926.486328125
1832,2022-11-07,20602.81640625
1833,2022-11-08,18541.271484375
1834,2022-11-09,15880.7802734375
1835,2022-11-10,17586.771484375
1836,2022-11-11,17034.29296875
1837,2022-11-12,16799.185546875
1838,2022-11-13,16353.365234375
1839,2022-11-14,16618.19921875
1840,2022-11-15,16884.61328125
1841,2022-11-16,16669.439453125
1842,2022-11-17,16687.517578125
1843,2022-11-18,16697.77734375
1844,2022-11-19,16711.546875
1845,2022-11-20,16291.83203125
1846,2022-11-21,15787.2841796875
1847,2022-11-22,16189.76953125
1848,2022-11-23,16610.70703125
1849,2022-11-24,16604.46484375
1850,2022-11-25,16521.841796875
1851,2022-11-26,16464.28125
1852,2022-11-27,16444.626953125
1853,2022-11-28,16217.322265625
1854,2022-11-29,16444.982421875
1855,2022-11-30,17168.56640625
1856,2022-12-01,16967.1328125
1857,2022-12-02,17088.66015625
1858,2022-12-03,16908.236328125
1859,2022-12-04,17130.486328125
1860,2022-12-05,16974.826171875
1861,2022-12-06,17089.50390625
1862,2022-12-07,16848.126953125
1863,2022-12-08,17233.474609375
1864,2022-12-09,17133.15234375
1865,2022-12-10,17128.724609375
1866,2022-12-11,17104.193359375
1867,2022-12-12,17206.4375
1868,2022-12-13,17781.318359375
1869,2022-12-14,17815.650390625
1870,2022-12-15,17364.865234375
1871,2022-12-16,16647.484375
1872,2022-12-17,16795.091796875
1873,2022-12-18,16757.9765625
1874,2022-12-19,16439.6796875
1875,2022-12-20,16906.3046875
1876,2022-12-21,16817.53515625
1877,2022-12-22,16830.341796875
1878,2022-12-23,16796.953125
1879,2022-12-24,16847.755859375
1880,2022-12-25,16841.986328125
1881,2022-12-26,16919.8046875
1882,2022-12-27,16717.173828125
1883,2022-12-28,16552.572265625
1884,2022-12-29,16642.341796875
1885,2022-12-30,16602.5859375
1886,2022-12-31,16547.49609375
1887,2023-01-01,16625.080078125
1888,2023-01-02,16688.470703125
1889,2023-01-03,16679.857421875
1890,2023-01-04,16863.23828125
1891,2023-01-05,16836.736328125
1892,2023-01-06,16951.96875
1893,2023-01-07,16955.078125
1894,2023-01-08,17091.14453125
1895,2023-01-09,17196.5546875
1896,2023-01-10,17446.29296875
1897,2023-01-11,17934.896484375
1898,2023-01-12,18869.587890625
1899,2023-01-13,19909.57421875
1900,2023-01-14,20976.298828125
1901,2023-01-15,20880.798828125
1902,2023-01-16,21169.6328125
1903,2023-01-17,21161.51953125
1904,2023-01-18,20688.78125
1905,2023-01-19,21086.79296875
1906,2023-01-20,22676.552734375
1907,2023-01-21,22777.625
1908,2023-01-22,22720.416015625
1909,2023-01-23,22934.431640625
1910,2023-01-24,22636.46875
1911,2023-01-25,23117.859375
1912,2023-01-26,23032.77734375
1913,2023-01-27,23078.728515625
1914,2023-01-28,23031.08984375
1915,2023-01-29,23774.56640625
1916,2023-01-30,22840.138671875
1917,2023-01-31,23139.283203125
1918,2023-02-01,23723.76953125
1919,2023-02-02,23471.87109375
1920,2023-02-03,23449.322265625
1921,2023-02-04,23331.84765625
1922,2023-02-05,22955.666015625
1923,2023-02-06,22760.109375
1924,2023-02-07,23264.291015625
1925,2023-02-08,22939.3984375
1926,2023-02-09,21819.0390625
1927,2023-02-10,21651.18359375
1928,2023-02-11,21870.875
1929,2023-02-12,21788.203125
1930,2023-02-13,21808.1015625
1931,2023-02-14,22220.8046875
1932,2023-02-15,24307.841796875
1933,2023-02-16,23623.474609375
1934,2023-02-17,24565.6015625
1935,2023-02-18,24641.27734375
1936,2023-02-19,24327.642578125
1937,2023-02-20,24829.1484375
1938,2023-02-21,24436.353515625
1939,2023-02-22,24188.84375
1940,2023-02-23,23947.4921875
1941,2023-02-24,23198.126953125
1942,2023-02-25,23175.375
1943,2023-02-26,23561.212890625
1944,2023-02-27,23522.87109375
1945,2023-02-28,23147.353515625
1946,2023-03-01,23646.55078125
1947,2023-03-02,23475.466796875
1948,2023-03-03,22362.6796875
1949,2023-03-04,22353.349609375
1950,2023-03-05,22435.513671875
1951,2023-03-06,22429.7578125
1952,2023-03-07,22219.76953125
1953,2023-03-08,21718.080078125
1954,2023-03-09,20363.021484375
1955,2023-03-10,20187.244140625
1956,2023-03-11,20632.41015625
1957,2023-03-12,22163.94921875
1958,2023-03-13,24197.533203125
1959,2023-03-14,24746.07421875
1960,2023-03-15,24375.9609375
1961,2023-03-16,25052.7890625
1962,2023-03-17,27423.9296875
1963,2023-03-18,26965.87890625
1964,2023-03-19,28038.67578125
1965,2023-03-20,27767.236328125
1966,2023-03-21,28175.81640625
1967,2023-03-22,27307.4375
1968,2023-03-23,28333.97265625
1969,2023-03-24,27493.28515625
1970,2023-03-25,27494.70703125
1971,2023-03-26,27994.330078125
1972,2023-03-27,27139.888671875
1973,2023-03-28,27268.130859375
1974,2023-03-29,28348.44140625
1975,2023-03-30,28033.5625
1976,2023-03-31,28478.484375
1977,2023-04-01,28411.03515625
1978,2023-04-02,28199.30859375
1979,2023-04-03,27790.220703125
1980,2023-04-04,28168.08984375
1981,2023-04-05,28177.984375
1982,2023-04-06,28044.140625
1983,2023-04-07,27925.859375
1984,2023-04-08,27947.794921875
1985,2023-04-09,28333.05078125
1986,2023-04-10,29652.98046875
1987,2023-04-11,30235.05859375
1988,2023-04-12,30139.052734375
1989,2023-04-13,30399.06640625
1990,2023-04-14,30485.69921875
1991,2023-04-15,30318.49609375
1992,2023-04-16,30315.35546875
1993,2023-04-17,29445.044921875
1994,2023-04-18,30397.552734375
1995,2023-04-19,28822.6796875
1996,2023-04-20,28245.98828125
1997,2023-04-21,27276.91015625
1998,2023-04-22,27817.5
1999,2023-04-23,27591.384765625
2000,2023-04-24,27525.33984375
2001,2023-04-25,28307.59765625
2002,2023-04-26,28422.701171875
2003,2023-04-27,29473.787109375
2004,2023-04-28,29340.26171875
2005,2023-04-29,29248.48828125
2006,2023-04-30,29268.806640625
2007,2023-05-01,28091.568359375
2008,2023-05-02,28680.537109375
2009,2023-05-03,29006.30859375
2010,2023-05-04,28847.7109375
2011,2023-05-05,29534.384765625
2012,2023-05-06,28904.623046875
2013,2023-05-07,28454.978515625
2014,2023-05-08,27694.2734375
2015,2023-05-09,27658.775390625
2016,2023-05-10,27621.755859375
2017,2023-05-11,27000.7890625
2018,2023-05-12,26804.990234375
2019,2023-05-13,26784.078125
2020,2023-05-14,26930.638671875
2021,2023-05-15,27192.693359375
2022,2023-05-16,27036.650390625
2023,2023-05-17,27398.802734375
2024,2023-05-18,26832.208984375
2025,2023-05-19,26890.12890625
2026,2023-05-20,27129.5859375
2027,2023-05-21,26753.826171875
2028,2023-05-22,26851.27734375
2029,2023-05-23,27225.7265625
2030,2023-05-24,26334.818359375
2031,2023-05-25,26476.20703125
2032,2023-05-26,26719.291015625
2033,2023-05-27,26868.353515625
2034,2023-05-28,28085.646484375
2035,2023-05-29,27745.884765625
2036,2023-05-30,27702.349609375
2037,2023-05-31,27219.658203125
2038,2023-06-01,26819.97265625
2039,2023-06-02,27249.58984375
2040,2023-06-03,27075.12890625
2041,2023-06-04,27119.06640625
2042,2023-06-05,25760.09765625
2043,2023-06-06,27238.783203125
2044,2023-06-07,26345.998046875
2045,2023-06-08,26508.216796875
2046,2023-06-09,26480.375
2047,2023-06-10,25851.240234375
2048,2023-06-11,25940.16796875
2049,2023-06-12,25902.5
2050,2023-06-13,25918.728515625
2051,2023-06-14,25124.67578125
2052,2023-06-15,25576.39453125
2053,2023-06-16,26327.462890625
2054,2023-06-17,26510.67578125
2055,2023-06-18,26336.212890625
2056,2023-06-19,26851.029296875
2057,2023-06-20,28327.48828125
2058,2023-06-21,30027.296875
2059,2023-06-22,29912.28125
2060,2023-06-23,30695.46875
2061,2023-06-24,30548.6953125
2062,2023-06-25,30480.26171875
2063,2023-06-26,30271.130859375
2064,2023-06-27,30688.1640625
2065,2023-06-28,30086.24609375
2066,2023-06-29,30445.3515625
2067,2023-06-30,30477.251953125
2068,2023-07-01,30590.078125
2069,2023-07-02,30620.76953125
2070,2023-07-03,31156.439453125
2071,2023-07-04,30777.58203125
2072,2023-07-05,30514.166015625
2073,2023-07-06,29909.337890625
2074,2023-07-07,30342.265625
2075,2023-07-08,30292.541015625
2076,2023-07-09,30171.234375
2077,2023-07-10,30414.470703125
2078,2023-07-11,30620.951171875
2079,2023-07-12,30391.646484375
2080,2023-07-13,31476.048828125
2081,2023-07-14,30334.068359375
2082,2023-07-15,30295.806640625
2083,2023-07-16,30249.1328125
2084,2023-07-17,30145.888671875
2085,2023-07-18,29856.5625
2086,2023-07-19,29913.923828125
2087,2023-07-20,29792.015625
2088,2023-07-21,29908.744140625
2089,2023-07-22,29771.802734375
2090,2023-07-23,30084.5390625
2091,2023-07-24,29176.916015625
2092,2023-07-25,29227.390625
2093,2023-07-26,29354.97265625
2094,2023-07-27,29210.689453125
2095,2023-07-28,29319.24609375
2096,2023-07-29,29356.91796875
2097,2023-07-30,29275.30859375
2098,2023-07-31,29230.111328125
2099,2023-08-01,29675.732421875
2100,2023-08-02,29151.958984375
2101,2023-08-03,29178.6796875
2102,2023-08-04,29074.091796875
2103,2023-08-05,29042.126953125
2104,2023-08-06,29041.85546875
2105,2023-08-07,29180.578125
2106,2023-08-08,29765.4921875
2107,2023-08-09,29561.494140625
2108,2023-08-10,29429.591796875
2109,2023-08-11,29397.71484375
2110,2023-08-12,29415.96484375
2111,2023-08-13,29282.9140625
2112,2023-08-14,29408.443359375
2113,2023-08-15,29170.34765625
2114,2023-08-16,28701.779296875
2115,2023-08-17,26664.55078125
2116,2023-08-18,26049.556640625
2117,2023-08-19,26096.205078125
2118,2023-08-20,26189.583984375
2119,2023-08-21,26124.140625
2120,2023-08-22,26031.65625
2121,2023-08-23,26431.640625
2122,2023-08-24,26162.373046875
2123,2023-08-25,26047.66796875
2124,2023-08-26,26008.462890625
2125,2023-08-27,26089.693359375
2126,2023-08-28,26106.150390625
2127,2023-08-29,27727.392578125
2128,2023-08-30,27297.265625
2129,2023-08-31,25931.47265625
2130,2023-09-01,25800.724609375
2131,2023-09-02,25868.798828125
2132,2023-09-03,25969.56640625
2133,2023-09-04,25812.416015625
2134,2023-09-05,25779.982421875
2135,2023-09-06,25753.236328125
2136,2023-09-07,26240.1953125
2137,2023-09-08,25905.654296875
2138,2023-09-09,25895.677734375
2139,2023-09-10,25832.2265625
2140,2023-09-11,25162.654296875
2141,2023-09-12,25833.34375
2142,2023-09-13,26228.32421875
2143,2023-09-14,26539.673828125
2144,2023-09-15,26608.693359375
2145,2023-09-16,26568.28125
2146,2023-09-17,26534.1875
2147,2023-09-18,26754.28125
2148,2023-09-19,27211.1171875
2149,2023-09-20,27132.0078125
2150,2023-09-21,26567.6328125
2151,2023-09-22,26579.568359375
2152,2023-09-23,26579.390625
2153,2023-09-24,26256.826171875
2154,2023-09-25,26298.48046875
2155,2023-09-26,26217.25
2156,2023-09-27,26352.716796875
2157,2023-09-28,27021.546875
2158,2023-09-29,26911.720703125
2159,2023-09-30,26967.916015625
2160,2023-10-01,27983.75
2161,2023-10-02,27530.78515625
2162,2023-10-03,27429.978515625
2163,2023-10-04,27799.39453125
2164,2023-10-05,27415.912109375
2165,2023-10-06,27946.59765625
2166,2023-10-07,27968.83984375
2167,2023-10-08,27935.08984375
2168,2023-10-09,27583.677734375
2169,2023-10-10,27391.01953125
2170,2023-10-11,26873.3203125
2171,2023-10-12,26756.798828125
2172,2023-10-13,26862.375
2173,2023-10-14,26861.70703125
2174,2023-10-15,27159.65234375
2175,2023-10-16,28519.466796875
2176,2023-10-17,28415.748046875
2177,2023-10-18,28328.341796875
2178,2023-10-19,28719.806640625
2179,2023-10-20,29682.94921875
2180,2023-10-21,29918.412109375
2181,2023-10-22,29993.896484375
2182,2023-10-23,33086.234375
2183,2023-10-24,33901.52734375
2184,2023-10-25,34502.8203125
2185,2023-10-26,34156.6484375
2186,2023-10-27,33909.80078125
2187,2023-10-28,34089.57421875
2188,2023-10-29,34538.48046875
2189,2023-10-30,34502.36328125
2190,2023-10-31,34667.78125
2191,2023-11-01,35437.25390625
2192,2023-11-02,34938.2421875
2193,2023-11-03,34732.32421875
2194,2023-11-04,35082.1953125
2195,2023-11-05,35049.35546875
2196,2023-11-06,35037.37109375
2197,2023-11-07,35443.5625
2198,2023-11-08,35655.27734375
2199,2023-11-09,36693.125
2200,2023-11-10,37313.96875
2201,2023-11-11,37138.05078125
2202,2023-11-12,37054.51953125
2203,2023-11-13,36502.35546875
2204,2023-11-14,35537.640625
2205,2023-11-15,37880.58203125
2206,2023-11-16,36154.76953125
2207,2023-11-17,36596.68359375
2208,2023-11-18,36585.703125
2209,2023-11-19,37386.546875
2210,2023-11-20,37476.95703125
2211,2023-11-21,35813.8125
2212,2023-11-22,37432.33984375
2213,2023-11-23,37289.62109375
2214,2023-11-24,37720.28125
2215,2023-11-25,37796.79296875
2216,2023-11-26,37479.12109375
2217,2023-11-27,37254.16796875
2218,2023-11-28,37831.0859375
2219,2023-11-29,37858.4921875
2220,2023-11-30,37712.74609375
2221,2023-12-01,38688.75
2222,2023-12-02,39476.33203125
2223,2023-12-03,39978.390625
2224,2023-12-04,41980.09765625
2225,2023-12-05,44080.6484375
2226,2023-12-06,43746.4453125
2227,2023-12-07,43292.6640625
2228,2023-12-08,44166.6015625
2229,2023-12-09,43725.984375
2230,2023-12-10,43779.69921875
2231,2023-12-11,41243.83203125
2232,2023-12-12,41450.22265625
2233,2023-12-13,42890.7421875
2234,2023-12-14,43023.97265625
2235,2023-12-15,41929.7578125
2236,2023-12-16,42240.1171875
2237,2023-12-17,41364.6640625
2238,2023-12-18,42623.5390625
2239,2023-12-19,42270.52734375
2240,2023-12-20,43652.25
2241,2023-12-21,43869.15234375
2242,2023-12-22,43997.90234375
2243,2023-12-23,43739.54296875
2244,2023-12-24,43016.1171875
2245,2023-12-25,43613.140625
2246,2023-12-26,42520.40234375
2247,2023-12-27,43442.85546875
2248,2023-12-28,42627.85546875
2249,2023-12-29,42099.40234375
2250,2023-12-30,42156.90234375
2251,2023-12-31,42265.1875
2252,2024-01-01,44167.33203125
2253,2024-01-02,44957.96875
2254,2024-01-03,42848.17578125
2255,2024-01-04,44179.921875
2256,2024-01-05,44162.69140625
2257,2024-01-06,43989.1953125
2258,2024-01-07,43943.09765625
2259,2024-01-08,46970.50390625
2260,2024-01-09,46139.73046875
2261,2024-01-10,46627.77734375
2262,2024-01-11,46368.5859375
2263,2024-01-12,42853.16796875
2264,2024-01-13,42842.3828125
2265,2024-01-14,41796.26953125
2266,2024-01-15,42511.96875
2267,2024-01-16,43154.9453125
2268,2024-01-17,42742.65234375
2269,2024-01-18,41262.05859375
2270,2024-01-19,41618.40625
2271,2024-01-20,41665.5859375
2272,2024-01-21,41545.78515625
2273,2024-01-22,39507.3671875
2274,2024-01-23,39845.55078125
2275,2024-01-24,40077.07421875
2276,2024-01-25,39933.80859375
2277,2024-01-26,41816.87109375
2278,2024-01-27,42120.0546875
2279,2024-01-28,42035.59375
2280,2024-01-29,43288.24609375
2281,2024-01-30,42952.609375
2282,2024-01-31,42582.60546875
2283,2024-02-01,43075.7734375
2284,2024-02-02,43185.859375
2285,2024-02-03,42992.25
2286,2024-02-04,42583.58203125
2287,2024-02-05,42658.66796875
2288,2024-02-06,43084.671875
2289,2024-02-07,44318.22265625
2290,2024-02-08,45301.56640625
2291,2024-02-09,47147.19921875
2292,2024-02-10,47771.27734375
2293,2024-02-11,48293.91796875
2294,2024-02-12,49958.22265625
2295,2024-02-13,49742.44140625
2296,2024-02-14,51826.6953125
2297,2024-02-15,51938.5546875
2298,2024-02-16,52160.203125
2299,2024-02-17,51662.99609375
2300,2024-02-18,52122.546875
2301,2024-02-19,51779.14453125
2302,2024-02-20,52284.875
2303,2024-02-21,51839.1796875
2304,2024-02-22,51304.97265625
2305,2024-02-23,51045.7265625
